line_item_id,billing_period,usage_start_date,usage_end_date,service,resource_id,usage_type,usage_amount,usage_unit,unblended_cost,currency,region,pricing_term,tag_team,tag_environment,tag_project
LI-2000,2024-06,2024-06-01,2024-06-30,Amazon EC2,i-00ef122,BoxUsage:t3.medium,876.695,Hrs,36.4705,USD,eu-central-1,OnDemand,mobile,production,mobile-app
LI-2001,2024-02,2024-02-01,2024-02-29,Amazon EC2,i-005cf07,BoxUsage:m5.2xlarge,679.9932,Hrs,261.1174,USD,eu-west-1,OnDemand,mobile,production,mobile-app
LI-2002,2024-02,2024-02-01,2024-02-29,Amazon CloudFront,EDIST10002,DataTransfer-Out-Bytes,8058.4156,GB,684.9653,USD,us-east-1,Reserved,backend,,
LI-2003,2024-01,2024-01-01,2024-01-31,AWS Lambda,fn-gateway,Lambda-GB-Second,1806905.3896,Requests,0.3614,USD,us-east-1,Reserved,devops,production,infra
LI-2004,2024-03,2024-03-01,2024-03-31,Amazon CloudFront,EDIST10000,DataTransfer-Out-Bytes,5230.4227,GB,444.5859,USD,ap-southeast-1,OnDemand,ml-engineering,production,ml-platform
LI-2005,2024-06,2024-06-01,2024-06-30,Amazon CloudFront,EDIST10000,Requests-Tier1,3764.1576,GB,319.9534,USD,ap-southeast-1,Reserved,ml-engineering,prod,ml-platform
LI-2006,2024-03,2024-03-01,2024-03-31,AWS Lambda,fn-processor,Request,2954850.78,Requests,0.591,USD,eu-central-1,Spot,ml-engineering,development,ml-platform
LI-2007,2024-02,2024-02-01,2024-02-29,Amazon SQS,sqs-email,Requests,6074208.554,Requests,2.4297,USD,eu-central-1,OnDemand,backend,prod,api-core
LI-2008,2024-03,2024-03-01,2024-03-31,Amazon EC2,i-003afd2,BoxUsage:m5.large,661.7195,Hrs,63.5251,USD,eu-central-1,OnDemand,devops,production,infra
LI-2009,2024-03,2024-03-01,2024-03-31,Amazon EKS,eks-prod-cluster,AmazonEKS-Hours:perCluster,818.4,Hrs,81.84,USD,eu-central-1,Reserved,backend,staging,api-core
LI-2010,2024-01,2024-01-01,2024-01-31,AWS Data Transfer,dt-cdn,DataTransfer-Out-Internet,3086.2164,GB,277.7595,USD,eu-central-1,Reserved,mobile,prod,mobile-app
LI-2011,2024-02,2024-02-01,2024-02-29,Amazon S3,technova-media,TimedStorage-ByteHrs,2518.9773,GB-Mo,57.9365,USD,us-east-1,Reserved,data-platform,production,data-lake-v2
LI-2012,2024-04,2024-04-01,2024-04-30,AWS Lambda,fn-auth,Lambda-GB-Second,1887348.0614,Requests,0.3775,USD,eu-central-1,OnDemand,,,
LI-2013,2024-03,2024-03-01,2024-03-31,Amazon S3,technova-media,TimedStorage-ByteHrs,1335.1385,GB-Mo,30.7082,USD,us-east-1,Reserved,data-platform,,
LI-2014,2024-04,2024-04-01,2024-04-30,Amazon S3,technova-backups,TimedStorage-ByteHrs,1630.9936,GB-Mo,37.5129,USD,eu-central-1,Reserved,data-platform,,
LI-2015,2024-06,2024-06-01,2024-06-30,Amazon EC2,i-006fa88,BoxUsage:t3.medium,889.5214,Hrs,37.0041,USD,eu-central-1,OnDemand,mobile,production,mobile-app
LI-2016,2024-02,2024-02-01,2024-02-29,Amazon EC2,i-002ebbd,BoxUsage:t3.medium,571.3483,Hrs,23.7681,USD,eu-west-1,OnDemand,devops,development,infra
LI-2017,2024-01,2024-01-01,2024-01-31,Amazon EC2,i-0079784,BoxUsage:m5.xlarge,524.5378,Hrs,100.7113,USD,eu-west-1,OnDemand,,,
LI-2018,2024-01,2024-01-01,2024-01-31,AWS Lambda,fn-sync,Lambda-GB-Second,2764528.0417,Requests,0.5529,USD,eu-central-1,OnDemand,data-platform,prod,data-lake-v2
LI-2019,2024-05,2024-05-01,2024-05-31,Amazon EC2,i-0018d77,BoxUsage:t3.medium,777.4512,Hrs,32.342,USD,ap-southeast-1,OnDemand,mobile,,
LI-2020,2024-04,2024-04-01,2024-04-30,Amazon SQS,sqs-email,Requests,2401956.0005,Requests,0.9608,USD,eu-central-1,Reserved,backend,prod,api-core
LI-2021,2024-04,2024-04-01,2024-04-30,Amazon S3,technova-archive,TimedStorage-ByteHrs,5181.9387,GB-Mo,119.1846,USD,eu-central-1,Reserved,devops,production,infra
LI-2022,2024-02,2024-02-01,2024-02-29,Amazon S3,technova-exports,TimedStorage-ByteHrs,4657.27,GB-Mo,107.1172,USD,eu-central-1,Reserved,,,
LI-2023,2024-06,2024-06-01,2024-06-30,Amazon ElastiCache,cache-000,NodeUsage:cache.r6g.large,847.6752,Hrs,140.7141,USD,eu-central-1,OnDemand,backend,production,api-core
LI-2024,2024-02,2024-02-01,2024-02-29,Amazon S3,technova-archive,TimedStorage-ByteHrs,3831.4559,GB-Mo,88.1235,USD,eu-central-1,Spot,devops,prod,infra
LI-2025,2024-04,2024-04-01,2024-04-30,AWS Lambda,fn-sync,Lambda-GB-Second,2719629.2364,Requests,0.5439,USD,eu-central-1,OnDemand,,,
LI-2026,2024-01,2024-01-01,2024-01-31,Amazon EC2,i-00a8053,BoxUsage:m5.2xlarge,670.9931,Hrs,141.7138,USD,eu-central-1,Reserved,data-platform,production,data-lake-v2
LI-2027,2024-03,2024-03-01,2024-03-31,Amazon EKS,eks-staging-cluster,AmazonEKS-Hours:perCluster,818.4,Hrs,81.84,USD,eu-west-1,OnDemand,data-platform,dev,data-lake-v2
LI-2028,2024-04,2024-04-01,2024-04-30,Amazon S3,technova-frontend-assets,TimedStorage-ByteHrs,5051.8562,GB-Mo,116.1927,USD,us-east-1,Reserved,data-platform,production,data-lake-v2
LI-2029,2024-05,2024-05-01,2024-05-31,Amazon EC2,i-00cc0bf,BoxUsage:m5.2xlarge,677.8888,Hrs,143.1701,USD,eu-west-1,Reserved,data-platform,production,data-lake-v2
LI-2030,2024-04,2024-04-01,2024-04-30,AWS Data Transfer,dt-backup,DataTransfer-Out-Internet,5242.6334,GB,471.837,USD,eu-central-1,OnDemand,,,
LI-2031,2024-05,2024-05-01,2024-05-31,AWS Lambda,fn-notify,Request,491710.4505,Requests,0.0983,USD,eu-central-1,Spot,mobile,production,mobile-app
LI-2032,2024-04,2024-04-01,2024-04-30,Amazon DynamoDB,ddb-sessions,ReadCapacityUnit-Hrs,931305.7059,Units,0.3213,USD,eu-central-1,Reserved,ml-engineering,prod,ml-platform
LI-2033,2024-01,2024-01-01,2024-01-31,Amazon CloudFront,EDIST10002,Requests-Tier1,4416.6328,GB,375.4138,USD,us-east-1,OnDemand,backend,production,api-core
LI-2034,2024-05,2024-05-01,2024-05-31,Amazon CloudFront,EDIST10003,Requests-Tier1,5831.3853,GB,495.6677,USD,eu-west-1,OnDemand,backend,production,api-core
LI-2035,2024-03,2024-03-01,2024-03-31,AWS Lambda,fn-report,Lambda-GB-Second,1267715.3497,Requests,0.2535,USD,us-east-1,OnDemand,ml-engineering,dev,ml-platform
LI-2036,2024-01,2024-01-01,2024-01-31,Amazon EC2,i-0080aaf,BoxUsage:t3.medium,525.2533,Hrs,12.0178,USD,eu-west-1,Reserved,mobile,production,mobile-app
LI-2037,2024-02,2024-02-01,2024-02-29,AWS Lambda,fn-notify,Request,706569.112,Requests,0.1413,USD,eu-central-1,Reserved,mobile,,
LI-2038,2024-06,2024-06-01,2024-06-30,AWS Lambda,fn-processor,Request,1523414.8438,Requests,0.3047,USD,eu-central-1,OnDemand,,,
LI-2039,2024-06,2024-06-01,2024-06-30,Amazon EC2,i-006d74e,BoxUsage:r5.xlarge,849.7281,Hrs,214.1315,USD,eu-west-1,OnDemand,devops,staging,infra
LI-2040,2024-05,2024-05-01,2024-05-31,Amazon EKS,eks-ml-cluster,AmazonEKS-Hours:perCluster,892.8,Hrs,89.28,USD,eu-central-1,Spot,devops,development,infra
LI-2041,2024-06,2024-06-01,2024-06-30,Amazon EC2,i-00dd445,BoxUsage:c5.4xlarge,757.0101,Hrs,283.1218,USD,us-east-1,Reserved,backend,production,api-core
LI-2042,2024-03,2024-03-01,2024-03-31,AWS Data Transfer,dt-cdn,DataTransfer-Out-Internet,2340.0122,GB,210.6011,USD,eu-central-1,Spot,mobile,prod,mobile-app
LI-2043,2024-06,2024-06-01,2024-06-30,Amazon EC2,i-0080aaf,BoxUsage:t3.medium,870.8219,Hrs,36.2262,USD,eu-west-1,OnDemand,mobile,production,mobile-app
LI-2044,2024-01,2024-01-01,2024-01-31,Amazon ElastiCache,cache-003,NodeUsage:cache.r6g.large,681.6567,Hrs,62.2353,USD,us-east-1,Reserved,mobile,prod,mobile-app
LI-2045,2024-05,2024-05-01,2024-05-31,Amazon RDS,db-04ad6,InstanceUsage:db.r5.2xlarge,870.6256,Hrs,417.9003,USD,eu-central-1,OnDemand,backend,,
LI-2046,2024-02,2024-02-01,2024-02-29,AWS Data Transfer,dt-main,DataTransfer-Out-Internet,4479.9782,GB,403.198,USD,eu-west-1,Reserved,,,
LI-2047,2024-05,2024-05-01,2024-05-31,Amazon SQS,sqs-email,Requests,3488580.3316,Requests,1.3954,USD,eu-central-1,OnDemand,backend,production,api-core
LI-2048,2024-06,2024-06-01,2024-06-30,Amazon EC2,i-0042574,BoxUsage:c5.4xlarge,704.192,Hrs,478.8506,USD,us-east-1,OnDemand,mobile,development,mobile-app
LI-2049,2024-04,2024-04-01,2024-04-30,Amazon RDS,db-04ad6,InstanceUsage:db.t3.medium,827.5569,Hrs,56.2739,USD,eu-central-1,OnDemand,backend,staging,api-core
LI-2050,2024-02,2024-02-01,2024-02-29,Amazon EC2,i-006d74e,BoxUsage:m5.large,568.0258,Hrs,10.9061,USD,eu-west-1,Spot,devops,staging,infra
LI-2051,2024-04,2024-04-01,2024-04-30,Amazon S3,technova-raw-logs,TimedStorage-ByteHrs,73677.0759,GB-Mo,1694.5727,USD,eu-central-1,OnDemand,,,
LI-2052,2024-02,2024-02-01,2024-02-29,Amazon RDS,db-1066f,InstanceUsage:db.t3.medium,758.3477,Hrs,51.5676,USD,eu-central-1,OnDemand,devops,,
LI-2053,2024-04,2024-04-01,2024-04-30,Amazon EC2,i-00a8053,BoxUsage:t3.medium,830.2091,Hrs,18.9952,USD,eu-central-1,Reserved,data-platform,production,data-lake-v2
LI-2054,2024-05,2024-05-01,2024-05-31,Amazon EC2,i-006fa88,BoxUsage:m5.2xlarge,638.4339,Hrs,49.0317,USD,eu-central-1,Spot,mobile,,
LI-2055,2024-05,2024-05-01,2024-05-31,Amazon ElastiCache,cache-001,NodeUsage:cache.r6g.large,787.437,Hrs,71.893,USD,ap-southeast-1,Reserved,data-platform,development,data-lake-v2
LI-2056,2024-05,2024-05-01,2024-05-31,Amazon RDS,db-1066f,InstanceUsage:db.r5.large,885.1837,Hrs,106.222,USD,eu-central-1,OnDemand,devops,staging,infra
LI-2057,2024-05,2024-05-01,2024-05-31,AWS Lambda,fn-auth,Lambda-GB-Second,876535.5537,Requests,0.1753,USD,eu-central-1,Reserved,backend,,
LI-2058,2024-04,2024-04-01,2024-04-30,Amazon RDS,db-053eb,InstanceUsage:db.t3.medium,779.8557,Hrs,29.1666,USD,eu-west-1,Reserved,ml-engineering,prod,ml-platform
LI-2059,2024-05,2024-05-01,2024-05-31,Amazon EC2,i-003afd2,BoxUsage:t3.medium,693.915,Hrs,15.8768,USD,eu-central-1,Reserved,devops,,
LI-2060,2024-04,2024-04-01,2024-04-30,Amazon S3,technova-exports,TimedStorage-ByteHrs,4500.0217,GB-Mo,103.5005,USD,eu-central-1,Reserved,devops,prod,infra
LI-2061,2024-06,2024-06-01,2024-06-30,AWS Lambda,fn-gateway,Request,2223502.9595,Requests,0.4447,USD,us-east-1,Reserved,,,
LI-2062,2024-04,2024-04-01,2024-04-30,Amazon EC2,i-00a1ae8,BoxUsage:t3.medium,733.4214,Hrs,16.7807,USD,eu-west-1,Reserved,backend,staging,api-core
LI-2063,2024-02,2024-02-01,2024-02-29,Amazon EC2,i-00a85e1,BoxUsage:r5.xlarge,611.865,Hrs,84.8045,USD,ap-southeast-1,Reserved,,,
LI-2064,2024-06,2024-06-01,2024-06-30,Amazon RDS,db-15908,InstanceUsage:db.t3.medium,926.1755,Hrs,34.639,USD,eu-central-1,Reserved,ml-engineering,production,ml-platform
LI-2065,2024-04,2024-04-01,2024-04-30,Amazon RDS,db-15908,InstanceUsage:db.t3.medium,815.1375,Hrs,30.4861,USD,eu-central-1,Reserved,ml-engineering,,
LI-2066,2024-04,2024-04-01,2024-04-30,Amazon EC2,i-0080aaf,BoxUsage:m5.2xlarge,710.072,Hrs,272.6676,USD,eu-west-1,OnDemand,mobile,production,mobile-app
LI-2067,2024-06,2024-06-01,2024-06-30,Amazon RDS,db-02a70,InstanceUsage:db.r5.large,881.1662,Hrs,105.7399,USD,eu-central-1,OnDemand,,,
LI-2068,2024-05,2024-05-01,2024-05-31,Amazon EC2,i-0025b36,BoxUsage:c5.4xlarge,789.0883,Hrs,295.119,USD,eu-central-1,Reserved,,,
LI-2069,2024-01,2024-01-01,2024-01-31,Amazon EC2,i-003afd2,BoxUsage:c5.4xlarge,662.65,Hrs,247.8311,USD,eu-central-1,Reserved,devops,production,infra
LI-2070,2024-01,2024-01-01,2024-01-31,Amazon S3,technova-media,TimedStorage-ByteHrs,443.3403,GB-Mo,10.1968,USD,us-east-1,OnDemand,data-platform,prod,data-lake-v2
LI-2071,2024-05,2024-05-01,2024-05-31,AWS Lambda,fn-sync,Lambda-GB-Second,1475606.2192,Requests,0.2951,USD,eu-central-1,OnDemand,data-platform,production,data-lake-v2
LI-2072,2024-04,2024-04-01,2024-04-30,Amazon ElastiCache,cache-004,NodeUsage:cache.m6g.xlarge,847.0894,Hrs,50.8254,USD,eu-central-1,Spot,,,
LI-2073,2024-04,2024-04-01,2024-04-30,Amazon EC2,i-0033fc3,BoxUsage:r5.xlarge,773.0908,Hrs,107.1504,USD,eu-central-1,Reserved,backend,production,api-core
LI-2074,2024-02,2024-02-01,2024-02-29,Amazon S3,technova-temp,TimedStorage-ByteHrs,636.5533,GB-Mo,14.6407,USD,eu-central-1,OnDemand,mobile,staging,mobile-app
LI-2075,2024-03,2024-03-01,2024-03-31,Amazon RDS,db-0e864,InstanceUsage:db.r5.large,814.5639,Hrs,97.7477,USD,eu-central-1,OnDemand,,,
LI-2076,2024-02,2024-02-01,2024-02-29,Amazon EC2,i-00ef122,BoxUsage:m5.2xlarge,622.4257,Hrs,131.4563,USD,eu-central-1,Reserved,mobile,prod,mobile-app
LI-2077,2024-03,2024-03-01,2024-03-31,Amazon DynamoDB,ddb-sessions,TimedStorage-ByteHrs,1972808.3537,Units,0.651,USD,eu-central-1,Reserved,ml-engineering,production,ml-platform
LI-2078,2024-05,2024-05-01,2024-05-31,Amazon RDS,db-02a70,InstanceUsage:db.r5.2xlarge,829.3421,Hrs,398.0842,USD,eu-central-1,OnDemand,ml-engineering,development,ml-platform
LI-2079,2024-03,2024-03-01,2024-03-31,Amazon EC2,i-0079784,BoxUsage:r5.xlarge,683.583,Hrs,172.2629,USD,eu-west-1,OnDemand,ml-engineering,staging,ml-platform
LI-2080,2024-05,2024-05-01,2024-05-31,Amazon EC2,i-00f28c5,BoxUsage:c5.4xlarge,809.5887,Hrs,550.5203,USD,us-east-1,OnDemand,,,
LI-2081,2024-01,2024-01-01,2024-01-31,Amazon EC2,i-0042574,BoxUsage:m5.2xlarge,714.8339,Hrs,150.9729,USD,us-east-1,Reserved,mobile,,
LI-2082,2024-04,2024-04-01,2024-04-30,Amazon EC2,i-006fa88,BoxUsage:m5.xlarge,585.1713,Hrs,61.7941,USD,eu-central-1,Reserved,mobile,production,mobile-app
LI-2083,2024-03,2024-03-01,2024-03-31,Amazon EC2,i-00222e7,BoxUsage:t3.medium,594.2265,Hrs,24.7198,USD,eu-west-1,OnDemand,ml-engineering,development,ml-platform
LI-2084,2024-06,2024-06-01,2024-06-30,Amazon ElastiCache,cache-002,NodeUsage:cache.r6g.large,825.2982,Hrs,136.9995,USD,eu-west-1,OnDemand,,,
LI-2085,2024-04,2024-04-01,2024-04-30,Amazon ElastiCache,cache-003,NodeUsage:cache.m6g.xlarge,818.9599,Hrs,135.1284,USD,us-east-1,Reserved,,,
LI-2086,2024-06,2024-06-01,2024-06-30,Amazon ElastiCache,cache-004,NodeUsage:cache.m6g.xlarge,839.6401,Hrs,251.892,USD,eu-central-1,OnDemand,ml-engineering,dev,ml-platform
LI-2087,2024-04,2024-04-01,2024-04-30,AWS Lambda,fn-processor,Lambda-GB-Second,2651116.8586,Requests,0.5302,USD,eu-central-1,OnDemand,ml-engineering,,
LI-2088,2024-01,2024-01-01,2024-01-31,Amazon DynamoDB,ddb-events,TimedStorage-ByteHrs,1589735.3966,Units,0.4769,USD,eu-west-1,OnDemand,,,
LI-2089,2024-04,2024-04-01,2024-04-30,Amazon EC2,i-0042574,BoxUsage:m5.2xlarge,676.8066,Hrs,259.8937,USD,us-east-1,OnDemand,mobile,dev,mobile-app
LI-2090,2024-02,2024-02-01,2024-02-29,Amazon EC2,i-004149a,BoxUsage:m5.2xlarge,541.259,Hrs,207.8434,USD,eu-central-1,OnDemand,data-platform,staging,data-lake-v2
LI-2091,2024-01,2024-01-01,2024-01-31,Amazon DynamoDB,ddb-cart,TimedStorage-ByteHrs,3431832.8803,Units,1.0295,USD,eu-west-1,Reserved,backend,dev,api-core
LI-2092,2024-05,2024-05-01,2024-05-31,Amazon S3,technova-artifacts,TimedStorage-ByteHrs,6243.7972,GB-Mo,143.6073,USD,eu-west-1,Spot,ml-engineering,,
LI-2093,2024-01,2024-01-01,2024-01-31,Amazon RDS,db-15908,InstanceUsage:db.r5.large,656.9412,Hrs,43.3581,USD,eu-central-1,Reserved,ml-engineering,production,ml-platform
LI-2094,2024-04,2024-04-01,2024-04-30,Amazon EC2,i-00cc0bf,BoxUsage:m5.large,684.6445,Hrs,36.1492,USD,eu-west-1,Reserved,data-platform,production,data-lake-v2
LI-2095,2024-04,2024-04-01,2024-04-30,Amazon SQS,sqs-events,Requests,7525472.8643,Requests,3.0102,USD,eu-central-1,Spot,data-platform,,
LI-2096,2024-02,2024-02-01,2024-02-29,Amazon EKS,eks-ml-cluster,AmazonEKS-Hours:perCluster,781.2,Hrs,78.12,USD,eu-central-1,Spot,,,
LI-2097,2024-02,2024-02-01,2024-02-29,Amazon EC2,i-00a1ae8,BoxUsage:r5.xlarge,670.2787,Hrs,33.782,USD,eu-west-1,Spot,backend,staging,api-core
LI-2098,2024-06,2024-06-01,2024-06-30,Amazon ElastiCache,cache-003,NodeUsage:cache.m6g.xlarge,819.8988,Hrs,135.2833,USD,us-east-1,Reserved,mobile,production,mobile-app
LI-2099,2024-01,2024-01-01,2024-01-31,Amazon EC2,i-002ebbd,BoxUsage:m5.large,622.3374,Hrs,59.7444,USD,eu-west-1,OnDemand,devops,,
LI-2100,2024-03,2024-03-01,2024-03-31,Amazon RDS,db-0c893,InstanceUsage:db.r5.large,728.062,Hrs,87.3674,USD,us-east-1,OnDemand,mobile,staging,mobile-app
LI-2101,2024-03,2024-03-01,2024-03-31,AWS Lambda,fn-router,Request,1815692.3401,Requests,0.3631,USD,eu-central-1,OnDemand,devops,staging,infra
LI-2102,2024-05,2024-05-01,2024-05-31,Amazon EC2,i-002ebbd,BoxUsage:r5.xlarge,768.4268,Hrs,38.7287,USD,eu-west-1,Spot,devops,,
LI-2103,2024-01,2024-01-01,2024-01-31,Amazon S3,technova-raw-logs,TimedStorage-ByteHrs,79174.0596,GB-Mo,1821.0034,USD,eu-central-1,Spot,ml-engineering,dev,ml-platform
LI-2104,2024-04,2024-04-01,2024-04-30,Amazon EC2,i-00a85e1,BoxUsage:c5.4xlarge,644.61,Hrs,241.0841,USD,ap-southeast-1,Reserved,backend,production,api-core
LI-2105,2024-05,2024-05-01,2024-05-31,Amazon EC2,i-00dd445,BoxUsage:m5.2xlarge,821.968,Hrs,315.6357,USD,us-east-1,OnDemand,backend,production,api-core
LI-2106,2024-06,2024-06-01,2024-06-30,Amazon EC2,i-005ca6d,BoxUsage:r5.xlarge,805.3934,Hrs,40.5918,USD,eu-central-1,Spot,ml-engineering,staging,ml-platform
LI-2107,2024-03,2024-03-01,2024-03-31,Amazon S3,technova-backups,TimedStorage-ByteHrs,1128.7738,GB-Mo,25.9618,USD,eu-central-1,OnDemand,data-platform,development,data-lake-v2
LI-2108,2024-04,2024-04-01,2024-04-30,Amazon EC2,i-002ebbd,BoxUsage:r5.xlarge,777.7914,Hrs,39.2007,USD,eu-west-1,Spot,,,
LI-2109,2024-01,2024-01-01,2024-01-31,Amazon EC2,i-00cc0bf,BoxUsage:m5.2xlarge,560.4834,Hrs,215.2256,USD,eu-west-1,OnDemand,,,
LI-2110,2024-06,2024-06-01,2024-06-30,Amazon EC2,i-0018d77,BoxUsage:t3.medium,728.0497,Hrs,6.0574,USD,ap-southeast-1,Spot,mobile,staging,mobile-app
LI-2111,2024-04,2024-04-01,2024-04-30,Amazon EC2,i-0079784,BoxUsage:m5.2xlarge,831.783,Hrs,319.4047,USD,eu-west-1,OnDemand,ml-engineering,staging,ml-platform
LI-2112,2024-02,2024-02-01,2024-02-29,AWS Lambda,fn-report,Request,2385173.3976,Requests,0.477,USD,us-east-1,OnDemand,ml-engineering,dev,ml-platform
LI-2113,2024-02,2024-02-01,2024-02-29,Amazon S3,technova-artifacts,TimedStorage-ByteHrs,4325.677,GB-Mo,99.4906,USD,eu-west-1,OnDemand,ml-engineering,,
LI-2114,2024-04,2024-04-01,2024-04-30,Amazon CloudFront,EDIST10000,DataTransfer-Out-Bytes,9145.6227,GB,777.3779,USD,ap-southeast-1,OnDemand,,,
LI-2115,2024-06,2024-06-01,2024-06-30,Amazon CloudFront,EDIST10003,Requests-Tier1,2891.072,GB,245.7411,USD,eu-west-1,OnDemand,,,
LI-2116,2024-01,2024-01-01,2024-01-31,Amazon CloudFront,EDIST10001,Requests-Tier1,4227.7007,GB,359.3546,USD,eu-west-1,Spot,devops,development,infra
LI-2117,2024-01,2024-01-01,2024-01-31,Amazon EC2,i-005cf07,BoxUsage:m5.xlarge,622.9171,Hrs,119.6001,USD,eu-west-1,OnDemand,,,
LI-2118,2024-01,2024-01-01,2024-01-31,Amazon RDS,db-1066f,InstanceUsage:db.t3.medium,666.0776,Hrs,45.2933,USD,eu-central-1,OnDemand,devops,,
LI-2119,2024-06,2024-06-01,2024-06-30,AWS Lambda,fn-notify,Request,2407504.4017,Requests,0.4815,USD,eu-central-1,Reserved,mobile,prod,mobile-app
LI-2120,2024-02,2024-02-01,2024-02-29,Amazon EC2,i-0080aaf,BoxUsage:c5.4xlarge,744.0967,Hrs,505.9858,USD,eu-west-1,OnDemand,mobile,production,mobile-app
LI-2121,2024-06,2024-06-01,2024-06-30,Amazon S3,technova-raw-logs,TimedStorage-ByteHrs,76456.1967,GB-Mo,1758.4925,USD,eu-central-1,Spot,ml-engineering,development,ml-platform
LI-2122,2024-04,2024-04-01,2024-04-30,Amazon CloudFront,EDIST10001,DataTransfer-Out-Bytes,5255.1668,GB,446.6892,USD,eu-west-1,OnDemand,,,
LI-2123,2024-01,2024-01-01,2024-01-31,AWS Lambda,fn-router,Lambda-GB-Second,780797.5121,Requests,0.1562,USD,eu-central-1,OnDemand,devops,staging,infra
LI-2124,2024-03,2024-03-01,2024-03-31,Amazon EKS,eks-ml-cluster,AmazonEKS-Hours:perCluster,818.4,Hrs,81.84,USD,eu-central-1,OnDemand,,,
LI-2125,2024-01,2024-01-01,2024-01-31,Amazon EC2,i-00f28c5,BoxUsage:c5.4xlarge,663.1646,Hrs,248.0236,USD,us-east-1,Reserved,data-platform,production,data-lake-v2
LI-2126,2024-02,2024-02-01,2024-02-29,Amazon DynamoDB,ddb-users,TimedStorage-ByteHrs,1318383.4674,Units,0.4153,USD,eu-west-1,Reserved,mobile,production,mobile-app
LI-2127,2024-06,2024-06-01,2024-06-30,Amazon EC2,i-002ebbd,BoxUsage:m5.large,923.2881,Hrs,17.7271,USD,eu-west-1,Spot,devops,dev,infra
LI-2128,2024-04,2024-04-01,2024-04-30,Amazon DynamoDB,ddb-catalog,TimedStorage-ByteHrs,3341277.3314,Units,1.1527,USD,eu-central-1,OnDemand,devops,staging,infra
LI-2129,2024-04,2024-04-01,2024-04-30,Amazon EC2,i-003afd2,BoxUsage:t3.medium,631.1363,Hrs,26.2553,USD,eu-central-1,OnDemand,devops,,
LI-2130,2024-03,2024-03-01,2024-03-31,Amazon S3,technova-temp,TimedStorage-ByteHrs,2853.2333,GB-Mo,65.6244,USD,eu-central-1,OnDemand,,,
LI-2131,2024-02,2024-02-01,2024-02-29,Amazon DynamoDB,ddb-catalog,TimedStorage-ByteHrs,4908853.7732,Units,1.5463,USD,eu-central-1,OnDemand,devops,staging,infra
LI-2132,2024-06,2024-06-01,2024-06-30,AWS Lambda,fn-auth,Lambda-GB-Second,2377464.3951,Requests,0.4755,USD,eu-central-1,Reserved,backend,production,api-core
LI-2133,2024-05,2024-05-01,2024-05-31,Amazon EC2,i-0079784,BoxUsage:m5.2xlarge,860.5375,Hrs,66.0893,USD,eu-west-1,Spot,ml-engineering,staging,ml-platform
LI-2134,2024-05,2024-05-01,2024-05-31,Amazon SQS,sqs-events,Requests,9606091.1169,Requests,3.8424,USD,eu-central-1,OnDemand,data-platform,dev,data-lake-v2
LI-2135,2024-01,2024-01-01,2024-01-31,Amazon S3,technova-archive,TimedStorage-ByteHrs,3706.002,GB-Mo,85.238,USD,eu-central-1,Reserved,devops,production,infra
LI-2136,2024-03,2024-03-01,2024-03-31,Amazon EC2,i-00a8053,BoxUsage:c5.4xlarge,779.4181,Hrs,530.0043,USD,eu-central-1,OnDemand,,,
LI-2137,2024-05,2024-05-01,2024-05-31,AWS Lambda,fn-report,Request,2065195.1769,Requests,0.413,USD,us-east-1,OnDemand,ml-engineering,,
LI-2138,2024-04,2024-04-01,2024-04-30,Amazon SQS,sqs-jobs,Requests,8463900.6836,Requests,3.3856,USD,eu-central-1,OnDemand,backend,development,api-core
LI-2139,2024-02,2024-02-01,2024-02-29,Amazon EKS,eks-prod-cluster,AmazonEKS-Hours:perCluster,781.2,Hrs,78.12,USD,eu-central-1,OnDemand,backend,staging,api-core
LI-2140,2024-03,2024-03-01,2024-03-31,Amazon EC2,i-0025b36,BoxUsage:r5.xlarge,706.8929,Hrs,97.9754,USD,eu-central-1,Reserved,,,
LI-2141,2024-03,2024-03-01,2024-03-31,Amazon EC2,i-0018d77,BoxUsage:t3.medium,728.6907,Hrs,30.3135,USD,ap-southeast-1,OnDemand,,,
LI-2142,2024-01,2024-01-01,2024-01-31,Amazon ElastiCache,cache-001,NodeUsage:cache.m6g.xlarge,727.0601,Hrs,218.118,USD,ap-southeast-1,OnDemand,data-platform,development,data-lake-v2
LI-2143,2024-03,2024-03-01,2024-03-31,Amazon DynamoDB,ddb-events,TimedStorage-ByteHrs,2604020.2375,Units,0.8593,USD,eu-west-1,OnDemand,devops,development,infra
LI-2144,2024-02,2024-02-01,2024-02-29,AWS Lambda,fn-auth,Lambda-GB-Second,2395996.3999,Requests,0.4792,USD,eu-central-1,Spot,backend,production,api-core
LI-2145,2024-03,2024-03-01,2024-03-31,Amazon EC2,i-006d74e,BoxUsage:r5.xlarge,605.5416,Hrs,152.5965,USD,eu-west-1,OnDemand,devops,staging,infra
LI-2146,2024-01,2024-01-01,2024-01-31,Amazon DynamoDB,ddb-logs,WriteCapacityUnit-Hrs,4960694.982,Units,1.4882,USD,ap-southeast-1,Reserved,mobile,production,mobile-app
LI-2147,2024-04,2024-04-01,2024-04-30,Amazon RDS,db-02a70,InstanceUsage:db.r5.2xlarge,819.168,Hrs,393.2006,USD,eu-central-1,OnDemand,ml-engineering,dev,ml-platform
LI-2148,2024-02,2024-02-01,2024-02-29,Amazon EC2,i-005ca6d,BoxUsage:m5.xlarge,568.2171,Hrs,109.0977,USD,eu-central-1,OnDemand,ml-engineering,staging,ml-platform
LI-2149,2024-04,2024-04-01,2024-04-30,Amazon EC2,i-0018d77,BoxUsage:m5.large,654.7335,Hrs,62.8544,USD,ap-southeast-1,OnDemand,,,
LI-2150,2024-06,2024-06-01,2024-06-30,AWS Lambda,fn-router,Lambda-GB-Second,1265117.2904,Requests,0.253,USD,eu-central-1,OnDemand,,,
LI-2151,2024-03,2024-03-01,2024-03-31,AWS Lambda,fn-notify,Request,1760869.5901,Requests,0.3522,USD,eu-central-1,Reserved,,,
LI-2152,2024-06,2024-06-01,2024-06-30,Amazon RDS,db-1066f,InstanceUsage:db.r5.large,827.4647,Hrs,99.2958,USD,eu-central-1,OnDemand,devops,,
LI-2153,2024-04,2024-04-01,2024-04-30,Amazon EC2,i-00ef122,BoxUsage:m5.2xlarge,651.4391,Hrs,137.5839,USD,eu-central-1,Reserved,mobile,,
LI-2154,2024-02,2024-02-01,2024-02-29,AWS Lambda,fn-sync,Lambda-GB-Second,880427.5686,Requests,0.1761,USD,eu-central-1,Reserved,data-platform,production,data-lake-v2
LI-2155,2024-06,2024-06-01,2024-06-30,Amazon EC2,i-00222e7,BoxUsage:m5.xlarge,906.2051,Hrs,173.9914,USD,eu-west-1,OnDemand,ml-engineering,development,ml-platform
LI-2156,2024-05,2024-05-01,2024-05-31,Amazon S3,technova-ml-models,TimedStorage-ByteHrs,5258.1652,GB-Mo,120.9378,USD,eu-central-1,OnDemand,mobile,,
LI-2157,2024-04,2024-04-01,2024-04-30,Amazon S3,technova-temp,TimedStorage-ByteHrs,2741.6986,GB-Mo,63.0591,USD,eu-central-1,Spot,mobile,staging,mobile-app
LI-2158,2024-04,2024-04-01,2024-04-30,Amazon EC2,i-004149a,BoxUsage:t3.medium,818.995,Hrs,6.814,USD,eu-central-1,Spot,data-platform,staging,data-lake-v2
LI-2159,2024-05,2024-05-01,2024-05-31,Amazon RDS,db-0e864,InstanceUsage:db.t3.medium,816.7946,Hrs,11.1084,USD,eu-central-1,Spot,devops,,
LI-2160,2024-01,2024-01-01,2024-01-31,Amazon ElastiCache,cache-002,NodeUsage:cache.m6g.xlarge,718.9781,Hrs,118.6314,USD,eu-west-1,Reserved,mobile,,
LI-2161,2024-04,2024-04-01,2024-04-30,Amazon RDS,db-1066f,InstanceUsage:db.m5.xlarge,828.5766,Hrs,104.8149,USD,eu-central-1,Reserved,devops,staging,infra
LI-2162,2024-04,2024-04-01,2024-04-30,Amazon ElastiCache,cache-000,NodeUsage:cache.m6g.xlarge,830.0716,Hrs,136.9618,USD,eu-central-1,Reserved,backend,production,api-core
LI-2163,2024-04,2024-04-01,2024-04-30,Amazon EC2,i-00dd445,BoxUsage:r5.xlarge,713.6016,Hrs,179.8276,USD,us-east-1,OnDemand,backend,production,api-core
LI-2164,2024-04,2024-04-01,2024-04-30,Amazon S3,technova-data-lake,TimedStorage-ByteHrs,2829.5909,GB-Mo,65.0806,USD,eu-central-1,OnDemand,,,
LI-2165,2024-04,2024-04-01,2024-04-30,Amazon EC2,i-00f28c5,BoxUsage:m5.2xlarge,831.3447,Hrs,63.8473,USD,us-east-1,Spot,,,
LI-2166,2024-03,2024-03-01,2024-03-31,Amazon EC2,i-00f28c5,BoxUsage:m5.2xlarge,597.6415,Hrs,229.4943,USD,us-east-1,OnDemand,data-platform,prod,data-lake-v2
LI-2167,2024-02,2024-02-01,2024-02-29,AWS Lambda,fn-gateway,Request,2002978.1054,Requests,0.4006,USD,us-east-1,Reserved,devops,prod,infra
LI-2168,2024-04,2024-04-01,2024-04-30,AWS Lambda,fn-router,Lambda-GB-Second,2903715.5278,Requests,0.5807,USD,eu-central-1,OnDemand,devops,staging,infra
LI-2169,2024-04,2024-04-01,2024-04-30,AWS Data Transfer,dt-cdn,DataTransfer-Regional,2151.1104,GB,193.5999,USD,eu-central-1,Spot,mobile,prod,mobile-app
LI-2170,2024-05,2024-05-01,2024-05-31,Amazon ElastiCache,cache-003,NodeUsage:cache.r6g.large,800.2541,Hrs,73.0632,USD,us-east-1,Reserved,mobile,prod,mobile-app
LI-2171,2024-04,2024-04-01,2024-04-30,Amazon EC2,i-0025d1b,BoxUsage:t3.medium,793.4276,Hrs,6.6013,USD,us-east-1,Spot,backend,,
LI-2172,2024-01,2024-01-01,2024-01-31,Amazon EC2,i-00222e7,BoxUsage:m5.large,700.3399,Hrs,67.2326,USD,eu-west-1,OnDemand,ml-engineering,,
LI-2173,2024-01,2024-01-01,2024-01-31,AWS Lambda,fn-processor,Request,1168922.546,Requests,0.2338,USD,eu-central-1,OnDemand,,,
LI-2174,2024-01,2024-01-01,2024-01-31,AWS Lambda,fn-report,Lambda-GB-Second,633900.1365,Requests,0.1268,USD,us-east-1,Spot,ml-engineering,,
LI-2175,2024-04,2024-04-01,2024-04-30,Amazon SQS,sqs-sms,Requests,9927641.3457,Requests,3.9711,USD,eu-central-1,Reserved,,,
LI-2176,2024-06,2024-06-01,2024-06-30,Amazon EC2,i-00cc0bf,BoxUsage:t3.medium,652.028,Hrs,14.9184,USD,eu-west-1,Reserved,,,
LI-2177,2024-06,2024-06-01,2024-06-30,Amazon DynamoDB,ddb-events,TimedStorage-ByteHrs,2859288.2964,Units,1.0722,USD,eu-west-1,OnDemand,devops,dev,infra
LI-2178,2024-02,2024-02-01,2024-02-29,Amazon DynamoDB,ddb-logs,WriteCapacityUnit-Hrs,580591.592,Units,0.1829,USD,ap-southeast-1,Reserved,mobile,production,mobile-app
LI-2179,2024-02,2024-02-01,2024-02-29,Amazon ElastiCache,cache-000,NodeUsage:cache.r6g.large,757.33,Hrs,125.7168,USD,eu-central-1,OnDemand,backend,production,api-core
LI-2180,2024-03,2024-03-01,2024-03-31,Amazon ElastiCache,cache-002,NodeUsage:cache.r6g.large,795.6115,Hrs,72.6393,USD,eu-west-1,Reserved,mobile,production,mobile-app
LI-2181,2024-03,2024-03-01,2024-03-31,Amazon EC2,i-0033fc3,BoxUsage:m5.large,680.3928,Hrs,65.3177,USD,eu-central-1,OnDemand,backend,prod,api-core
LI-2182,2024-03,2024-03-01,2024-03-31,Amazon S3,technova-frontend-assets,TimedStorage-ByteHrs,1601.6954,GB-Mo,36.839,USD,us-east-1,OnDemand,data-platform,prod,data-lake-v2
LI-2183,2024-02,2024-02-01,2024-02-29,AWS Lambda,fn-processor,Lambda-GB-Second,2335183.525,Requests,0.467,USD,eu-central-1,Reserved,ml-engineering,development,ml-platform
LI-2184,2024-01,2024-01-01,2024-01-31,Amazon SQS,sqs-email,Requests,3445667.4519,Requests,1.3783,USD,eu-central-1,Reserved,backend,production,api-core
LI-2185,2024-02,2024-02-01,2024-02-29,Amazon EC2,i-00f28c5,BoxUsage:t3.medium,667.0415,Hrs,15.2619,USD,us-east-1,Reserved,data-platform,prod,data-lake-v2
LI-2186,2024-01,2024-01-01,2024-01-31,Amazon EC2,i-006ebdd,BoxUsage:c5.4xlarge,591.6812,Hrs,221.2888,USD,eu-central-1,Reserved,data-platform,staging,data-lake-v2
LI-2187,2024-05,2024-05-01,2024-05-31,Amazon EC2,i-006ebdd,BoxUsage:m5.2xlarge,749.1253,Hrs,57.5328,USD,eu-central-1,Spot,data-platform,staging,data-lake-v2
LI-2188,2024-02,2024-02-01,2024-02-29,AWS Data Transfer,dt-cdn,DataTransfer-Regional,1473.4286,GB,132.6086,USD,eu-central-1,Reserved,mobile,prod,mobile-app
LI-2189,2024-06,2024-06-01,2024-06-30,Amazon EC2,i-00a8053,BoxUsage:m5.large,840.7882,Hrs,44.3936,USD,eu-central-1,Reserved,data-platform,production,data-lake-v2
LI-2190,2024-01,2024-01-01,2024-01-31,AWS Data Transfer,dt-main,DataTransfer-Regional,3387.7442,GB,304.897,USD,eu-west-1,Spot,mobile,,
LI-2191,2024-06,2024-06-01,2024-06-30,Amazon EKS,eks-prod-cluster,AmazonEKS-Hours:perCluster,930.0,Hrs,93.0,USD,eu-central-1,OnDemand,backend,staging,api-core
LI-2192,2024-02,2024-02-01,2024-02-29,Amazon S3,technova-backups,TimedStorage-ByteHrs,2267.4845,GB-Mo,52.1521,USD,eu-central-1,OnDemand,data-platform,development,data-lake-v2
LI-2193,2024-04,2024-04-01,2024-04-30,Amazon EC2,i-006d74e,BoxUsage:m5.xlarge,604.2132,Hrs,63.8049,USD,eu-west-1,Reserved,devops,staging,infra
LI-2194,2024-03,2024-03-01,2024-03-31,Amazon EC2,i-00572d0,BoxUsage:m5.large,788.3794,Hrs,75.6844,USD,eu-central-1,OnDemand,backend,prod,api-core
LI-2195,2024-03,2024-03-01,2024-03-31,Amazon CloudFront,EDIST10001,Requests-Tier1,5329.3054,GB,452.991,USD,eu-west-1,Spot,devops,development,infra
LI-2196,2024-03,2024-03-01,2024-03-31,Amazon EC2,i-00a85e1,BoxUsage:m5.2xlarge,587.6654,Hrs,124.1149,USD,ap-southeast-1,Reserved,backend,prod,api-core
LI-2197,2024-03,2024-03-01,2024-03-31,Amazon S3,technova-exports,TimedStorage-ByteHrs,1098.7074,GB-Mo,25.2703,USD,eu-central-1,OnDemand,devops,production,infra
LI-2198,2024-05,2024-05-01,2024-05-31,Amazon S3,technova-frontend-assets,TimedStorage-ByteHrs,1937.7732,GB-Mo,44.5688,USD,us-east-1,Reserved,data-platform,production,data-lake-v2
LI-2199,2024-06,2024-06-01,2024-06-30,Amazon EC2,i-0079784,BoxUsage:t3.medium,871.6472,Hrs,36.2605,USD,eu-west-1,OnDemand,ml-engineering,staging,ml-platform
LI-2200,2024-03,2024-03-01,2024-03-31,Amazon RDS,db-02a70,InstanceUsage:db.r5.2xlarge,771.6097,Hrs,74.0745,USD,eu-central-1,Spot,,,
LI-2201,2024-03,2024-03-01,2024-03-31,Amazon EC2,i-00dd445,BoxUsage:r5.xlarge,622.9611,Hrs,86.3424,USD,us-east-1,Reserved,backend,production,api-core
LI-2202,2024-06,2024-06-01,2024-06-30,Amazon CloudFront,EDIST10002,Requests-Tier1,3741.6633,GB,318.0414,USD,us-east-1,Reserved,,,
LI-2203,2024-05,2024-05-01,2024-05-31,Amazon EC2,i-00222e7,BoxUsage:c5.4xlarge,658.8229,Hrs,447.9996,USD,eu-west-1,OnDemand,ml-engineering,development,ml-platform
LI-2204,2024-04,2024-04-01,2024-04-30,AWS Lambda,fn-gateway,Request,656238.5581,Requests,0.1312,USD,us-east-1,OnDemand,,,
LI-2205,2024-02,2024-02-01,2024-02-29,AWS Data Transfer,dt-backup,DataTransfer-Regional,6202.7262,GB,558.2454,USD,eu-central-1,OnDemand,devops,production,infra
LI-2206,2024-03,2024-03-01,2024-03-31,Amazon DynamoDB,ddb-catalog,TimedStorage-ByteHrs,3330670.1058,Units,1.0991,USD,eu-central-1,OnDemand,devops,staging,infra
LI-2207,2024-02,2024-02-01,2024-02-29,Amazon ElastiCache,cache-002,NodeUsage:cache.m6g.xlarge,753.4579,Hrs,124.3206,USD,eu-west-1,Reserved,mobile,,
LI-2208,2024-04,2024-04-01,2024-04-30,Amazon DynamoDB,ddb-users,TimedStorage-ByteHrs,2183933.8581,Units,0.7535,USD,eu-west-1,Reserved,,,
LI-2209,2024-05,2024-05-01,2024-05-31,Amazon EC2,i-00a8053,BoxUsage:c5.4xlarge,788.3078,Hrs,536.0493,USD,eu-central-1,OnDemand,,,
LI-2210,2024-05,2024-05-01,2024-05-31,Amazon DynamoDB,ddb-logs,WriteCapacityUnit-Hrs,3720736.3847,Units,1.3395,USD,ap-southeast-1,OnDemand,,,
LI-2211,2024-01,2024-01-01,2024-01-31,Amazon SQS,sqs-events,Requests,5543381.2467,Requests,2.2174,USD,eu-central-1,OnDemand,,,
LI-2212,2024-05,2024-05-01,2024-05-31,Amazon EC2,i-004149a,BoxUsage:t3.medium,650.2081,Hrs,5.4097,USD,eu-central-1,Spot,,,
LI-2213,2024-06,2024-06-01,2024-06-30,AWS Data Transfer,dt-backup,DataTransfer-Out-Internet,4352.7037,GB,391.7433,USD,eu-central-1,Reserved,devops,production,infra
LI-2214,2024-06,2024-06-01,2024-06-30,Amazon EC2,i-006ebdd,BoxUsage:c5.4xlarge,882.1372,Hrs,329.9193,USD,eu-central-1,Reserved,data-platform,staging,data-lake-v2
LI-2215,2024-05,2024-05-01,2024-05-31,Amazon CloudFront,EDIST10001,DataTransfer-Out-Bytes,8388.0918,GB,712.9878,USD,eu-west-1,Reserved,devops,development,infra
LI-2216,2024-02,2024-02-01,2024-02-29,Amazon EC2,i-006fa88,BoxUsage:t3.medium,704.9592,Hrs,29.3263,USD,eu-central-1,OnDemand,mobile,production,mobile-app
LI-2217,2024-02,2024-02-01,2024-02-29,Amazon EC2,i-00572d0,BoxUsage:m5.2xlarge,760.6491,Hrs,160.6491,USD,eu-central-1,Reserved,backend,prod,api-core
LI-2218,2024-06,2024-06-01,2024-06-30,Amazon EKS,eks-staging-cluster,AmazonEKS-Hours:perCluster,930.0,Hrs,93.0,USD,eu-west-1,Reserved,data-platform,development,data-lake-v2
LI-2219,2024-04,2024-04-01,2024-04-30,Amazon EC2,i-00222e7,BoxUsage:c5.4xlarge,663.6822,Hrs,90.2608,USD,eu-west-1,Spot,ml-engineering,,
LI-2220,2024-03,2024-03-01,2024-03-31,Amazon RDS,db-1066f,InstanceUsage:db.m5.xlarge,802.2654,Hrs,101.4866,USD,eu-central-1,Reserved,,,
LI-2221,2024-03,2024-03-01,2024-03-31,AWS Lambda,fn-sync,Lambda-GB-Second,2920590.8324,Requests,0.5841,USD,eu-central-1,Spot,data-platform,production,data-lake-v2
LI-2222,2024-01,2024-01-01,2024-01-31,Amazon S3,technova-data-lake,TimedStorage-ByteHrs,3223.3417,GB-Mo,74.1369,USD,eu-central-1,OnDemand,backend,dev,api-core
LI-2223,2024-04,2024-04-01,2024-04-30,Amazon EC2,i-005cf07,BoxUsage:r5.xlarge,740.3179,Hrs,102.6081,USD,eu-west-1,Reserved,mobile,production,mobile-app
LI-2224,2024-04,2024-04-01,2024-04-30,Amazon S3,technova-media,TimedStorage-ByteHrs,2721.5268,GB-Mo,62.5951,USD,us-east-1,Reserved,data-platform,production,data-lake-v2
LI-2225,2024-04,2024-04-01,2024-04-30,Amazon EC2,i-005ca6d,BoxUsage:m5.2xlarge,825.4017,Hrs,63.3909,USD,eu-central-1,Spot,ml-engineering,staging,ml-platform
LI-2226,2024-04,2024-04-01,2024-04-30,Amazon S3,technova-artifacts,TimedStorage-ByteHrs,1635.0122,GB-Mo,37.6053,USD,eu-west-1,OnDemand,ml-engineering,development,ml-platform
LI-2227,2024-01,2024-01-01,2024-01-31,Amazon EKS,eks-ml-cluster,AmazonEKS-Hours:perCluster,744.0,Hrs,74.4,USD,eu-central-1,Spot,devops,,
LI-2228,2024-06,2024-06-01,2024-06-30,Amazon S3,technova-backups,TimedStorage-ByteHrs,6173.2758,GB-Mo,141.9853,USD,eu-central-1,Spot,data-platform,development,data-lake-v2
LI-2229,2024-01,2024-01-01,2024-01-31,Amazon EC2,i-006ddda,BoxUsage:r5.xlarge,706.5165,Hrs,178.0422,USD,us-east-1,OnDemand,,,
LI-2230,2024-01,2024-01-01,2024-01-31,Amazon RDS,db-0e864,InstanceUsage:db.m5.xlarge,659.6957,Hrs,30.346,USD,eu-central-1,Spot,devops,development,infra
LI-2231,2024-06,2024-06-01,2024-06-30,AWS Data Transfer,dt-main,DataTransfer-Regional,1278.3173,GB,115.0486,USD,eu-west-1,Spot,mobile,,
LI-2232,2024-04,2024-04-01,2024-04-30,Amazon EC2,i-006ebdd,BoxUsage:m5.large,845.6456,Hrs,44.6501,USD,eu-central-1,Reserved,,,
LI-2233,2024-02,2024-02-01,2024-02-29,Amazon S3,technova-frontend-assets,TimedStorage-ByteHrs,5526.6041,GB-Mo,127.1119,USD,us-east-1,Reserved,data-platform,production,data-lake-v2
LI-2234,2024-02,2024-02-01,2024-02-29,Amazon RDS,db-053eb,InstanceUsage:db.r5.2xlarge,777.8455,Hrs,205.3512,USD,eu-west-1,Reserved,ml-engineering,,
LI-2235,2024-06,2024-06-01,2024-06-30,Amazon EC2,i-0033fc3,BoxUsage:r5.xlarge,687.0683,Hrs,173.1412,USD,eu-central-1,OnDemand,backend,,
LI-2236,2024-04,2024-04-01,2024-04-30,Amazon RDS,db-0c893,InstanceUsage:db.r5.2xlarge,831.8799,Hrs,219.6163,USD,us-east-1,Reserved,mobile,staging,mobile-app
LI-2237,2024-01,2024-01-01,2024-01-31,AWS Lambda,fn-cleanup,Request,599168.375,Requests,0.1198,USD,eu-west-1,OnDemand,mobile,dev,mobile-app
LI-2238,2024-03,2024-03-01,2024-03-31,Amazon EC2,i-006fa88,BoxUsage:m5.2xlarge,638.0778,Hrs,134.762,USD,eu-central-1,Reserved,mobile,prod,mobile-app
LI-2239,2024-02,2024-02-01,2024-02-29,Amazon EC2,i-003afd2,BoxUsage:r5.xlarge,774.2413,Hrs,107.3098,USD,eu-central-1,Reserved,devops,,
LI-2240,2024-05,2024-05-01,2024-05-31,Amazon CloudFront,EDIST10002,DataTransfer-Out-Bytes,5903.4031,GB,501.7893,USD,us-east-1,OnDemand,backend,,
LI-2241,2024-05,2024-05-01,2024-05-31,Amazon RDS,db-10c9a,InstanceUsage:db.m5.xlarge,789.6594,Hrs,181.6217,USD,eu-central-1,OnDemand,backend,staging,api-core
LI-2242,2024-05,2024-05-01,2024-05-31,Amazon RDS,db-0c893,InstanceUsage:db.m5.xlarge,786.3595,Hrs,180.8627,USD,us-east-1,OnDemand,mobile,staging,mobile-app
LI-2243,2024-03,2024-03-01,2024-03-31,Amazon SQS,sqs-sms,Requests,4377496.6051,Requests,1.751,USD,eu-central-1,Spot,,,
LI-2244,2024-05,2024-05-01,2024-05-31,Amazon CloudFront,EDIST10000,Requests-Tier1,1654.4196,GB,140.6257,USD,ap-southeast-1,OnDemand,ml-engineering,,
LI-2245,2024-05,2024-05-01,2024-05-31,Amazon SQS,sqs-sms,Requests,6226755.2445,Requests,2.4907,USD,eu-central-1,Reserved,data-platform,production,data-lake-v2
LI-2246,2024-05,2024-05-01,2024-05-31,Amazon DynamoDB,ddb-sessions,WriteCapacityUnit-Hrs,3979358.4755,Units,1.4326,USD,eu-central-1,Reserved,ml-engineering,production,ml-platform
LI-2247,2024-03,2024-03-01,2024-03-31,Amazon ElastiCache,cache-004,NodeUsage:cache.r6g.large,764.6901,Hrs,25.3877,USD,eu-central-1,Spot,ml-engineering,,
LI-2248,2024-04,2024-04-01,2024-04-30,Amazon DynamoDB,ddb-cart,TimedStorage-ByteHrs,2762687.1996,Units,0.9531,USD,eu-west-1,OnDemand,backend,dev,api-core
LI-2249,2024-03,2024-03-01,2024-03-31,Amazon RDS,db-15908,InstanceUsage:db.r5.2xlarge,777.8055,Hrs,205.3407,USD,eu-central-1,Reserved,ml-engineering,,
LI-2250,2024-04,2024-04-01,2024-04-30,Amazon EC2,i-006ddda,BoxUsage:t3.medium,680.87,Hrs,28.3242,USD,us-east-1,OnDemand,devops,prod,infra
LI-2251,2024-01,2024-01-01,2024-01-31,Amazon RDS,db-0c893,InstanceUsage:db.r5.2xlarge,714.9041,Hrs,343.154,USD,us-east-1,OnDemand,mobile,staging,mobile-app
LI-2252,2024-06,2024-06-01,2024-06-30,Amazon RDS,db-04ad6,InstanceUsage:db.r5.2xlarge,920.5017,Hrs,441.8408,USD,eu-central-1,OnDemand,,,
LI-2253,2024-03,2024-03-01,2024-03-31,Amazon EC2,i-004149a,BoxUsage:m5.xlarge,719.836,Hrs,76.0147,USD,eu-central-1,Reserved,data-platform,staging,data-lake-v2
LI-2254,2024-04,2024-04-01,2024-04-30,Amazon ElastiCache,cache-002,NodeUsage:cache.r6g.large,795.1471,Hrs,72.5969,USD,eu-west-1,Reserved,,,
LI-2255,2024-02,2024-02-01,2024-02-29,Amazon EC2,i-0079784,BoxUsage:m5.large,709.3762,Hrs,68.1001,USD,eu-west-1,OnDemand,ml-engineering,staging,ml-platform
LI-2256,2024-01,2024-01-01,2024-01-31,Amazon EC2,i-0025b36,BoxUsage:r5.xlarge,709.0512,Hrs,178.6809,USD,eu-central-1,OnDemand,,,
LI-2257,2024-02,2024-02-01,2024-02-29,Amazon RDS,db-15908,InstanceUsage:db.m5.xlarge,731.5764,Hrs,168.2626,USD,eu-central-1,OnDemand,ml-engineering,prod,ml-platform
LI-2258,2024-05,2024-05-01,2024-05-31,Amazon EKS,eks-prod-cluster,AmazonEKS-Hours:perCluster,892.8,Hrs,89.28,USD,eu-central-1,Reserved,backend,staging,api-core
LI-2259,2024-04,2024-04-01,2024-04-30,Amazon ElastiCache,cache-001,NodeUsage:cache.r6g.large,779.4866,Hrs,25.879,USD,ap-southeast-1,Spot,data-platform,development,data-lake-v2
LI-2260,2024-06,2024-06-01,2024-06-30,Amazon SQS,sqs-sms,Requests,6722839.4655,Requests,2.6891,USD,eu-central-1,OnDemand,,,
LI-2261,2024-03,2024-03-01,2024-03-31,Amazon SQS,sqs-events,Requests,4819232.877,Requests,1.9277,USD,eu-central-1,Reserved,data-platform,dev,data-lake-v2
LI-2262,2024-06,2024-06-01,2024-06-30,Amazon ElastiCache,cache-001,NodeUsage:cache.m6g.xlarge,882.3102,Hrs,264.6931,USD,ap-southeast-1,OnDemand,data-platform,development,data-lake-v2
LI-2263,2024-02,2024-02-01,2024-02-29,Amazon S3,technova-data-lake,TimedStorage-ByteHrs,1864.7239,GB-Mo,42.8886,USD,eu-central-1,OnDemand,backend,development,api-core
LI-2264,2024-01,2024-01-01,2024-01-31,Amazon S3,technova-temp,TimedStorage-ByteHrs,2421.8305,GB-Mo,55.7021,USD,eu-central-1,OnDemand,mobile,staging,mobile-app
LI-2265,2024-03,2024-03-01,2024-03-31,Amazon S3,technova-data-lake,TimedStorage-ByteHrs,6300.2719,GB-Mo,144.9063,USD,eu-central-1,OnDemand,backend,dev,api-core
LI-2266,2024-03,2024-03-01,2024-03-31,Amazon DynamoDB,ddb-cart,ReadCapacityUnit-Hrs,1123684.9606,Units,0.3708,USD,eu-west-1,Spot,backend,,
LI-2267,2024-06,2024-06-01,2024-06-30,Amazon CloudFront,EDIST10001,Requests-Tier1,3334.2563,GB,283.4118,USD,eu-west-1,OnDemand,devops,development,infra
LI-2268,2024-02,2024-02-01,2024-02-29,Amazon EC2,i-0025d1b,BoxUsage:m5.xlarge,639.9588,Hrs,67.5797,USD,us-east-1,Reserved,backend,production,api-core
LI-2269,2024-04,2024-04-01,2024-04-30,Amazon EC2,i-00572d0,BoxUsage:t3.medium,794.9631,Hrs,18.1888,USD,eu-central-1,Reserved,backend,,
LI-2270,2024-01,2024-01-01,2024-01-31,Amazon RDS,db-04ad6,InstanceUsage:db.r5.2xlarge,730.8328,Hrs,192.9399,USD,eu-central-1,Reserved,backend,staging,api-core
LI-2271,2024-02,2024-02-01,2024-02-29,Amazon S3,technova-ml-models,TimedStorage-ByteHrs,5911.9206,GB-Mo,135.9742,USD,eu-central-1,Reserved,mobile,,
LI-2272,2024-01,2024-01-01,2024-01-31,Amazon EC2,i-00ef122,BoxUsage:c5.4xlarge,705.8008,Hrs,479.9445,USD,eu-central-1,OnDemand,mobile,production,mobile-app
LI-2273,2024-02,2024-02-01,2024-02-29,Amazon EC2,i-0018d77,BoxUsage:t3.medium,709.345,Hrs,29.5088,USD,ap-southeast-1,OnDemand,mobile,staging,mobile-app
LI-2274,2024-02,2024-02-01,2024-02-29,Amazon EC2,i-00dd445,BoxUsage:r5.xlarge,765.8689,Hrs,192.999,USD,us-east-1,OnDemand,backend,production,api-core
LI-2275,2024-04,2024-04-01,2024-04-30,Amazon DynamoDB,ddb-events,ReadCapacityUnit-Hrs,2356193.5883,Units,0.8129,USD,eu-west-1,Spot,devops,development,infra
LI-2276,2024-03,2024-03-01,2024-03-31,AWS Data Transfer,dt-backup,DataTransfer-Regional,5787.7879,GB,520.9009,USD,eu-central-1,OnDemand,devops,production,infra
LI-2277,2024-01,2024-01-01,2024-01-31,Amazon EC2,i-006d74e,BoxUsage:m5.xlarge,526.9126,Hrs,101.1672,USD,eu-west-1,OnDemand,devops,staging,infra
LI-2278,2024-04,2024-04-01,2024-04-30,Amazon RDS,db-0e864,InstanceUsage:db.m5.xlarge,774.0689,Hrs,178.0358,USD,eu-central-1,OnDemand,devops,development,infra
LI-2279,2024-02,2024-02-01,2024-02-29,Amazon RDS,db-04ad6,InstanceUsage:db.r5.large,755.8847,Hrs,49.8884,USD,eu-central-1,Reserved,backend,staging,api-core
LI-2280,2024-05,2024-05-01,2024-05-31,Amazon DynamoDB,ddb-users,TimedStorage-ByteHrs,4284206.4769,Units,1.5423,USD,eu-west-1,Reserved,mobile,production,mobile-app
LI-2281,2024-02,2024-02-01,2024-02-29,Amazon RDS,db-0e864,InstanceUsage:db.t3.medium,747.426,Hrs,50.825,USD,eu-central-1,OnDemand,,,
LI-2282,2024-06,2024-06-01,2024-06-30,Amazon EC2,i-003afd2,BoxUsage:r5.xlarge,929.2407,Hrs,128.7928,USD,eu-central-1,Reserved,devops,production,infra
LI-2283,2024-06,2024-06-01,2024-06-30,Amazon S3,technova-data-lake,TimedStorage-ByteHrs,6097.7401,GB-Mo,140.248,USD,eu-central-1,OnDemand,backend,development,api-core
LI-2284,2024-01,2024-01-01,2024-01-31,Amazon SQS,sqs-sms,Requests,9416695.2977,Requests,3.7667,USD,eu-central-1,OnDemand,data-platform,production,data-lake-v2
LI-2285,2024-01,2024-01-01,2024-01-31,Amazon EC2,i-0018d77,BoxUsage:m5.2xlarge,516.5101,Hrs,198.3399,USD,ap-southeast-1,OnDemand,mobile,staging,mobile-app
LI-2286,2024-03,2024-03-01,2024-03-31,Amazon EC2,i-0025d1b,BoxUsage:t3.medium,566.9545,Hrs,23.5853,USD,us-east-1,OnDemand,,,
LI-2287,2024-04,2024-04-01,2024-04-30,Amazon CloudFront,EDIST10002,DataTransfer-Out-Bytes,4676.0131,GB,397.4611,USD,us-east-1,Reserved,,,
LI-2288,2024-03,2024-03-01,2024-03-31,Amazon EC2,i-006ebdd,BoxUsage:c5.4xlarge,599.8102,Hrs,407.8709,USD,eu-central-1,OnDemand,data-platform,staging,data-lake-v2
LI-2289,2024-03,2024-03-01,2024-03-31,Amazon EC2,i-00cc0bf,BoxUsage:r5.xlarge,762.7111,Hrs,105.7118,USD,eu-west-1,Reserved,data-platform,production,data-lake-v2
LI-2290,2024-02,2024-02-01,2024-02-29,Amazon EC2,i-00a8053,BoxUsage:m5.xlarge,528.0359,Hrs,101.3829,USD,eu-central-1,OnDemand,data-platform,prod,data-lake-v2
LI-2291,2024-05,2024-05-01,2024-05-31,Amazon ElastiCache,cache-000,NodeUsage:cache.m6g.xlarge,874.4637,Hrs,262.3391,USD,eu-central-1,OnDemand,backend,production,api-core
LI-2292,2024-01,2024-01-01,2024-01-31,Amazon RDS,db-053eb,InstanceUsage:db.t3.medium,722.4424,Hrs,9.8252,USD,eu-west-1,Spot,ml-engineering,production,ml-platform
LI-2293,2024-04,2024-04-01,2024-04-30,Amazon DynamoDB,ddb-logs,ReadCapacityUnit-Hrs,2991797.8511,Units,1.0322,USD,ap-southeast-1,Reserved,mobile,production,mobile-app
LI-2294,2024-05,2024-05-01,2024-05-31,Amazon EC2,i-00a85e1,BoxUsage:m5.2xlarge,810.1061,Hrs,171.0944,USD,ap-southeast-1,Reserved,,,
LI-2295,2024-03,2024-03-01,2024-03-31,AWS Lambda,fn-gateway,Lambda-GB-Second,1621099.8904,Requests,0.3242,USD,us-east-1,Spot,,,
LI-2296,2024-04,2024-04-01,2024-04-30,AWS Data Transfer,dt-main,DataTransfer-Regional,4337.3731,GB,390.3636,USD,eu-west-1,Spot,,,
LI-2297,2024-05,2024-05-01,2024-05-31,AWS Lambda,fn-router,Request,2407676.454,Requests,0.4815,USD,eu-central-1,OnDemand,devops,,
LI-2298,2024-01,2024-01-01,2024-01-31,Amazon EC2,i-004149a,BoxUsage:t3.medium,579.4594,Hrs,24.1055,USD,eu-central-1,OnDemand,data-platform,,
LI-2299,2024-06,2024-06-01,2024-06-30,AWS Lambda,fn-cleanup,Lambda-GB-Second,1000329.6802,Requests,0.2001,USD,eu-west-1,Spot,mobile,dev,mobile-app
